freed,theorem,family_suffix,choice_free_siblings
933,axcc2lem,,
932,axcc2,,
907,axcc3,,
855,axcc4,,
590,pjhthlem2,jhth,pjhthlem1
260,omlsii,,
213,ovoliunlem3,voliun,ovoliunlem1 ovoliunlem2
212,ovoliun,voliun,ovoliunlem1 ovoliunlem2
206,pjhth,jhth,pjhthlem1
197,ococi,coci,
54,ococ,,
52,axccdom,cdom,alephsucdom sucdom sucdom2
51,ovnsubaddlem2,vnsubadd,ovnsubaddlem1
51,subsaliuncl,aliuncl,saliuncl subsaliuncllem
50,ovnsubadd,vnsubadd,ovnsubaddlem1
50,subsalsal,,
46,ovnome,,
41,shlub,,
34,pjrni,,
33,h1de2ctlem,,
32,h1de2ci,,
27,voliunlem2,oliun,ovoliunlem1 ovoliunlem2 voliunlem1
26,iunmbl,unmbl,finiunmbl
24,riesz3i,,
24,shlubi,lubi,shslubi trclubi
23,chlubi,lubi,shslubi trclubi
23,pjfi,,
21,bddmulibl,,
20,pjococi,coci,
19,ho0f,,
17,bddibl,,
17,lcmineqlem16,cmineq,lcmineqlem1 lcmineqlem11 lcmineqlem14 lcmineqlem17 lcmineqlem18 lcmineqlem4 lcmineqlem5 lcmineqlem7 lcmineqlem8 lcmineqlem9
16,lcmineqlem19,cmineq,lcmineqlem1 lcmineqlem11 lcmineqlem14 lcmineqlem17 lcmineqlem18 lcmineqlem4 lcmineqlem5 lcmineqlem7 lcmineqlem8 lcmineqlem9
15,lcmineqlem20,cmineq,lcmineqlem1 lcmineqlem11 lcmineqlem14 lcmineqlem17 lcmineqlem18 lcmineqlem4 lcmineqlem5 lcmineqlem7 lcmineqlem8 lcmineqlem9
14,cniccibl,,
14,iscmet3,scmet,cmscmet dscmet iscmet
14,lcmineqlem21,cmineq,lcmineqlem1 lcmineqlem11 lcmineqlem14 lcmineqlem17 lcmineqlem18 lcmineqlem4 lcmineqlem5 lcmineqlem7 lcmineqlem8 lcmineqlem9
14,pjchi,,
13,chlub,,
13,elspansni,nsni,
13,lcmineqlem22,cmineq,lcmineqlem1 lcmineqlem11 lcmineqlem14 lcmineqlem17 lcmineqlem18 lcmineqlem4 lcmineqlem5 lcmineqlem7 lcmineqlem8 lcmineqlem9
12,chlubii,ubii,alseubii eubii ralseubii reubii suprleubii suprlubii suprnubii suprubii
12,elspansn,lspansn,
12,lcmineqlem23,cmineq,lcmineqlem1 lcmineqlem11 lcmineqlem14 lcmineqlem17 lcmineqlem18 lcmineqlem4 lcmineqlem5 lcmineqlem7 lcmineqlem8 lcmineqlem9
12,riesz4i,,
11,1stcelcls,lcls,blcls caublcls elcls elcls2 elcls3
11,acncc,,
11,fourierdlem112,ourierd,fourierdlem1 fourierdlem10 fourierdlem102 fourierdlem106 fourierdlem11 fourierdlem12 fourierdlem13 fourierdlem14 fourierdlem15 fourierdlem17 fourierdlem18 fourierdlem19 fourierdlem2 fourierdlem20 fourierdlem23 fourierdlem24 fourierdlem25 fourierdlem26 fourierdlem27 fourierdlem28 fourierdlem29 fourierdlem3 fourierdlem31 fourierdlem32 fourierdlem33 fourierdlem34 fourierdlem35 fourierdlem36 fourierdlem37 fourierdlem38 fourierdlem4 fourierdlem40 fourierdlem41 fourierdlem42 fourierdlem43 fourierdlem44 fourierdlem46 fourierdlem48 fourierdlem49 fourierdlem5 fourierdlem50 fourierdlem51 fourierdlem52 fourierdlem53 fourierdlem54 fourierdlem55 fourierdlem56 fourierdlem57 fourierdlem58 fourierdlem59 fourierdlem6 fourierdlem60 fourierdlem61 fourierdlem62 fourierdlem63 fourierdlem64 fourierdlem65 fourierdlem66 fourierdlem67 fourierdlem68 fourierdlem7 fourierdlem70 fourierdlem71 fourierdlem72 fourierdlem74 fourierdlem75 fourierdlem76 fourierdlem77 fourierdlem78 fourierdlem79 fourierdlem8 fourierdlem80 fourierdlem85 fourierdlem86 fourierdlem89 fourierdlem9 fourierdlem90 fourierdlem91 fourierdlem94 fourierdlem96 fourierdlem97 fourierdlem98 fourierdlem99
11,lcmineqlem,cmineq,lcmineqlem1 lcmineqlem11 lcmineqlem14 lcmineqlem17 lcmineqlem18 lcmineqlem4 lcmineqlem5 lcmineqlem7 lcmineqlem8 lcmineqlem9
11,riesz4,iesz,
10,aks4d1p2,ks4d1p,aks4d1p1
10,chsscon3i,con3i,necon3i
10,cmbr3i,,
10,fourierdlem113,ourierd,fourierdlem1 fourierdlem10 fourierdlem102 fourierdlem106 fourierdlem11 fourierdlem12 fourierdlem13 fourierdlem14 fourierdlem15 fourierdlem17 fourierdlem18 fourierdlem19 fourierdlem2 fourierdlem20 fourierdlem23 fourierdlem24 fourierdlem25 fourierdlem26 fourierdlem27 fourierdlem28 fourierdlem29 fourierdlem3 fourierdlem31 fourierdlem32 fourierdlem33 fourierdlem34 fourierdlem35 fourierdlem36 fourierdlem37 fourierdlem38 fourierdlem4 fourierdlem40 fourierdlem41 fourierdlem42 fourierdlem43 fourierdlem44 fourierdlem46 fourierdlem48 fourierdlem49 fourierdlem5 fourierdlem50 fourierdlem51 fourierdlem52 fourierdlem53 fourierdlem54 fourierdlem55 fourierdlem56 fourierdlem57 fourierdlem58 fourierdlem59 fourierdlem6 fourierdlem60 fourierdlem61 fourierdlem62 fourierdlem63 fourierdlem64 fourierdlem65 fourierdlem66 fourierdlem67 fourierdlem68 fourierdlem7 fourierdlem70 fourierdlem71 fourierdlem72 fourierdlem74 fourierdlem75 fourierdlem76 fourierdlem77 fourierdlem78 fourierdlem79 fourierdlem8 fourierdlem80 fourierdlem85 fourierdlem86 fourierdlem89 fourierdlem9 fourierdlem90 fourierdlem91 fourierdlem94 fourierdlem96 fourierdlem97 fourierdlem98 fourierdlem99
10,iunctb,nctb,unctb
10,spansni,nsni,
9,aks4d1p3,ks4d1p,aks4d1p1
9,fourierdlem114,ourierd,fourierdlem1 fourierdlem10 fourierdlem102 fourierdlem106 fourierdlem11 fourierdlem12 fourierdlem13 fourierdlem14 fourierdlem15 fourierdlem17 fourierdlem18 fourierdlem19 fourierdlem2 fourierdlem20 fourierdlem23 fourierdlem24 fourierdlem25 fourierdlem26 fourierdlem27 fourierdlem28 fourierdlem29 fourierdlem3 fourierdlem31 fourierdlem32 fourierdlem33 fourierdlem34 fourierdlem35 fourierdlem36 fourierdlem37 fourierdlem38 fourierdlem4 fourierdlem40 fourierdlem41 fourierdlem42 fourierdlem43 fourierdlem44 fourierdlem46 fourierdlem48 fourierdlem49 fourierdlem5 fourierdlem50 fourierdlem51 fourierdlem52 fourierdlem53 fourierdlem54 fourierdlem55 fourierdlem56 fourierdlem57 fourierdlem58 fourierdlem59 fourierdlem6 fourierdlem60 fourierdlem61 fourierdlem62 fourierdlem63 fourierdlem64 fourierdlem65 fourierdlem66 fourierdlem67 fourierdlem68 fourierdlem7 fourierdlem70 fourierdlem71 fourierdlem72 fourierdlem74 fourierdlem75 fourierdlem76 fourierdlem77 fourierdlem78 fourierdlem79 fourierdlem8 fourierdlem80 fourierdlem85 fourierdlem86 fourierdlem89 fourierdlem9 fourierdlem90 fourierdlem91 fourierdlem94 fourierdlem96 fourierdlem97 fourierdlem98 fourierdlem99
9,iunmbl2,unmbl,finiunmbl
9,riesz1,iesz,
9,spansn,pansn,spansn0
8,chlejb1i,,
8,fourierdlem115,ourierd,fourierdlem1 fourierdlem10 fourierdlem102 fourierdlem106 fourierdlem11 fourierdlem12 fourierdlem13 fourierdlem14 fourierdlem15 fourierdlem17 fourierdlem18 fourierdlem19 fourierdlem2 fourierdlem20 fourierdlem23 fourierdlem24 fourierdlem25 fourierdlem26 fourierdlem27 fourierdlem28 fourierdlem29 fourierdlem3 fourierdlem31 fourierdlem32 fourierdlem33 fourierdlem34 fourierdlem35 fourierdlem36 fourierdlem37 fourierdlem38 fourierdlem4 fourierdlem40 fourierdlem41 fourierdlem42 fourierdlem43 fourierdlem44 fourierdlem46 fourierdlem48 fourierdlem49 fourierdlem5 fourierdlem50 fourierdlem51 fourierdlem52 fourierdlem53 fourierdlem54 fourierdlem55 fourierdlem56 fourierdlem57 fourierdlem58 fourierdlem59 fourierdlem6 fourierdlem60 fourierdlem61 fourierdlem62 fourierdlem63 fourierdlem64 fourierdlem65 fourierdlem66 fourierdlem67 fourierdlem68 fourierdlem7 fourierdlem70 fourierdlem71 fourierdlem72 fourierdlem74 fourierdlem75 fourierdlem76 fourierdlem77 fourierdlem78 fourierdlem79 fourierdlem8 fourierdlem80 fourierdlem85 fourierdlem86 fourierdlem89 fourierdlem9 fourierdlem90 fourierdlem91 fourierdlem94 fourierdlem96 fourierdlem97 fourierdlem98 fourierdlem99
8,honegsub,egsub,negsub ofnegsub
8,iscmet3i,,
8,itg2monolem1,tg2mono,itg2monolem2
8,itgsubstlem,subst,bj-subst mzpsubst
8,mbfsup,fsup,dfsup2 esumfsup icopnfsup ioopnfsup nfsup smfsuplem1 xrofsup
8,pjeq,,
8,rnbra,,
7,axpjcl,,
7,bra11,,
7,chjassi,assi,addassi addsubassi cphassi divassi hoaddassi hvassi hvmulassi hvsubassi ipassi mulassi
7,cmbr4i,,
7,domtriomlem,,
7,itg2monolem3,tg2mono,itg2monolem2
7,itgsubst,subst,bj-subst mzpsubst
7,ococin,,
7,pjch1,,
7,pjfoi,,
7,unictb,,
6,0bdop,bdop,elbdop elbdop2
6,df0op2,,
6,dfpjop,,
6,domtriom,,
6,iblcncfioo,fioo,dfioo2 difioo iccdifioo ovolfioo
6,issmfgt,,
6,itg2mono,tg2mono,itg2monolem2
6,itgsubsticclem,sticc,ordtresticc
6,lecmi,,
6,mbflimsup,flimsup,climliminflimsup climliminflimsup2 climliminflimsup3 climliminflimsup4 smflimsuplem1 smflimsuplem2 smflimsuplem4 smflimsuplem5 smflimsuplem6 smflimsuplem7 xlimliminflimsup xlimmnflimsup xlimmnflimsup2
6,mdbr2,,
6,pjch,,
6,pjhfo,,
6,shjshseli,hseli,chseli shseli
6,stji1i,,
5,chlejb1,,
5,chrelat2i,,
5,fourierd,ourierd,fourierdlem1 fourierdlem10 fourierdlem102 fourierdlem106 fourierdlem11 fourierdlem12 fourierdlem13 fourierdlem14 fourierdlem15 fourierdlem17 fourierdlem18 fourierdlem19 fourierdlem2 fourierdlem20 fourierdlem23 fourierdlem24 fourierdlem25 fourierdlem26 fourierdlem27 fourierdlem28 fourierdlem29 fourierdlem3 fourierdlem31 fourierdlem32 fourierdlem33 fourierdlem34 fourierdlem35 fourierdlem36 fourierdlem37 fourierdlem38 fourierdlem4 fourierdlem40 fourierdlem41 fourierdlem42 fourierdlem43 fourierdlem44 fourierdlem46 fourierdlem48 fourierdlem49 fourierdlem5 fourierdlem50 fourierdlem51 fourierdlem52 fourierdlem53 fourierdlem54 fourierdlem55 fourierdlem56 fourierdlem57 fourierdlem58 fourierdlem59 fourierdlem6 fourierdlem60 fourierdlem61 fourierdlem62 fourierdlem63 fourierdlem64 fourierdlem65 fourierdlem66 fourierdlem67 fourierdlem68 fourierdlem7 fourierdlem70 fourierdlem71 fourierdlem72 fourierdlem74 fourierdlem75 fourierdlem76 fourierdlem77 fourierdlem78 fourierdlem79 fourierdlem8 fourierdlem80 fourierdlem85 fourierdlem86 fourierdlem89 fourierdlem9 fourierdlem90 fourierdlem91 fourierdlem94 fourierdlem96 fourierdlem97 fourierdlem98 fourierdlem99
5,fourierdlem69,ourierd,fourierdlem1 fourierdlem10 fourierdlem102 fourierdlem106 fourierdlem11 fourierdlem12 fourierdlem13 fourierdlem14 fourierdlem15 fourierdlem17 fourierdlem18 fourierdlem19 fourierdlem2 fourierdlem20 fourierdlem23 fourierdlem24 fourierdlem25 fourierdlem26 fourierdlem27 fourierdlem28 fourierdlem29 fourierdlem3 fourierdlem31 fourierdlem32 fourierdlem33 fourierdlem34 fourierdlem35 fourierdlem36 fourierdlem37 fourierdlem38 fourierdlem4 fourierdlem40 fourierdlem41 fourierdlem42 fourierdlem43 fourierdlem44 fourierdlem46 fourierdlem48 fourierdlem49 fourierdlem5 fourierdlem50 fourierdlem51 fourierdlem52 fourierdlem53 fourierdlem54 fourierdlem55 fourierdlem56 fourierdlem57 fourierdlem58 fourierdlem59 fourierdlem6 fourierdlem60 fourierdlem61 fourierdlem62 fourierdlem63 fourierdlem64 fourierdlem65 fourierdlem66 fourierdlem67 fourierdlem68 fourierdlem7 fourierdlem70 fourierdlem71 fourierdlem72 fourierdlem74 fourierdlem75 fourierdlem76 fourierdlem77 fourierdlem78 fourierdlem79 fourierdlem8 fourierdlem80 fourierdlem85 fourierdlem86 fourierdlem89 fourierdlem9 fourierdlem90 fourierdlem91 fourierdlem94 fourierdlem96 fourierdlem97 fourierdlem98 fourierdlem99
5,ftc1lem4,,
5,ftc2,,
5,hhcms,,
5,hsupval2,supval,chsupval hsupval limsupval limsupval2 limsupval3 limsupval4
5,itgsubsticc,sticc,ordtresticc
5,leoppos,,
5,mbflimlem,bflim,fbflim fbflim2
5,nmbdoplb,oplb,nmcoplb nmoplb
5,osumi,sumi,crosspdotsumi sqsumi
5,pjss2coi,2coi,ho2coi
5,smfpimgtxr,,
5,smfpimltxr,,
5,volsup,olsup,volsuplem
4,1stccnp,ccnp,limccnp limccnp2
4,axcc4dom,,
4,chabs1,,
4,chrelat2,relat,atlrelat1 hlrelat hlrelat1 hlrelat2 hlrelat3 lrelat
4,chsscon1i,con1i,lenegcon1i ltnegcon1i necon1i negcon1i wl-luk-con1i
4,chsupval2,supval,chsupval hsupval limsupval limsupval2 limsupval3 limsupval4
4,circlemeth,,
4,cmcmlem,,
4,dfiop2,,
4,dominf,minf,climinf climinf2 climinf3 climliminf liminf0 ominf ominf4 prminf prminf2 supminf xlimlimsupleliminf xlimpnfliminf xlimpnfliminf2
4,fdvposle,,
4,fourierdlem107,ourierd,fourierdlem1 fourierdlem10 fourierdlem102 fourierdlem106 fourierdlem11 fourierdlem12 fourierdlem13 fourierdlem14 fourierdlem15 fourierdlem17 fourierdlem18 fourierdlem19 fourierdlem2 fourierdlem20 fourierdlem23 fourierdlem24 fourierdlem25 fourierdlem26 fourierdlem27 fourierdlem28 fourierdlem29 fourierdlem3 fourierdlem31 fourierdlem32 fourierdlem33 fourierdlem34 fourierdlem35 fourierdlem36 fourierdlem37 fourierdlem38 fourierdlem4 fourierdlem40 fourierdlem41 fourierdlem42 fourierdlem43 fourierdlem44 fourierdlem46 fourierdlem48 fourierdlem49 fourierdlem5 fourierdlem50 fourierdlem51 fourierdlem52 fourierdlem53 fourierdlem54 fourierdlem55 fourierdlem56 fourierdlem57 fourierdlem58 fourierdlem59 fourierdlem6 fourierdlem60 fourierdlem61 fourierdlem62 fourierdlem63 fourierdlem64 fourierdlem65 fourierdlem66 fourierdlem67 fourierdlem68 fourierdlem7 fourierdlem70 fourierdlem71 fourierdlem72 fourierdlem74 fourierdlem75 fourierdlem76 fourierdlem77 fourierdlem78 fourierdlem79 fourierdlem8 fourierdlem80 fourierdlem85 fourierdlem86 fourierdlem89 fourierdlem9 fourierdlem90 fourierdlem91 fourierdlem94 fourierdlem96 fourierdlem97 fourierdlem98 fourierdlem99
4,ftc1lem5,,
4,hmopd,,
4,issmfle,,
4,lecmii,,
4,lnopcnbd,cnbd,lnfncnbd
4,mbfaddlem,fadd,dprdfadd efadd efaddlem i1fadd i1faddlem smfaddlem1
4,mbfimaopnlem,bfimaopn,
4,mbflim,bflim,fbflim fbflim2
4,pjid,,
4,pjoc2i,oc2i,
4,pjoml2i,,
4,salexct,alexct,salexct2
4,smflimsuplem3,mflimsup,smflimsuplem1 smflimsuplem2 smflimsuplem4 smflimsuplem5 smflimsuplem6 smflimsuplem7
4,smfsuplem3,mfsup,esumfsup smfsuplem1
4,tgoldbachgtde,,
4,vonmea,,
3,0hmop,hmop,elhmop
3,aks4d1p4,ks4d1p,aks4d1p1
3,atnssm0,,
3,axccd,,
3,axgroth3,xgroth,axgroth2 axgroth5 axgroth6
3,axpjpj,,
3,chj0i,,
3,chjass,jass,hlatjass latjass
3,chlejb2,,
3,chrelat3,relat,atlrelat1 hlrelat hlrelat1 hlrelat2 hlrelat3 lrelat
3,cmcm3i,,
3,cmcmi,,
3,cnlnadjeu,,
3,cnlnadjlem9,nlnadj,cnlnadjlem1 cnlnadjlem2
3,cvexchi,,
3,dmvlsiga,lsiga,0elsiga baselsiga difelsiga difunielsiga inelsiga unelsiga unielsiga
3,eleigvec2,igvec,eleigvec
3,elpjhmop,hmop,elhmop
3,etransclem47,transc,etransclem1 etransclem10 etransclem11 etransclem12 etransclem13 etransclem14 etransclem15 etransclem16 etransclem17 etransclem19 etransclem2 etransclem20 etransclem21 etransclem22 etransclem24 etransclem25 etransclem26 etransclem27 etransclem28 etransclem29 etransclem3 etransclem30 etransclem31 etransclem32 etransclem33 etransclem34 etransclem35 etransclem36 etransclem37 etransclem38 etransclem39 etransclem4 etransclem40 etransclem41 etransclem42 etransclem43 etransclem44 etransclem45 etransclem5 etransclem6 etransclem7 etransclem8 etransclem9
3,fdvnegge,,
3,fourierdlem108,ourierd,fourierdlem1 fourierdlem10 fourierdlem102 fourierdlem106 fourierdlem11 fourierdlem12 fourierdlem13 fourierdlem14 fourierdlem15 fourierdlem17 fourierdlem18 fourierdlem19 fourierdlem2 fourierdlem20 fourierdlem23 fourierdlem24 fourierdlem25 fourierdlem26 fourierdlem27 fourierdlem28 fourierdlem29 fourierdlem3 fourierdlem31 fourierdlem32 fourierdlem33 fourierdlem34 fourierdlem35 fourierdlem36 fourierdlem37 fourierdlem38 fourierdlem4 fourierdlem40 fourierdlem41 fourierdlem42 fourierdlem43 fourierdlem44 fourierdlem46 fourierdlem48 fourierdlem49 fourierdlem5 fourierdlem50 fourierdlem51 fourierdlem52 fourierdlem53 fourierdlem54 fourierdlem55 fourierdlem56 fourierdlem57 fourierdlem58 fourierdlem59 fourierdlem6 fourierdlem60 fourierdlem61 fourierdlem62 fourierdlem63 fourierdlem64 fourierdlem65 fourierdlem66 fourierdlem67 fourierdlem68 fourierdlem7 fourierdlem70 fourierdlem71 fourierdlem72 fourierdlem74 fourierdlem75 fourierdlem76 fourierdlem77 fourierdlem78 fourierdlem79 fourierdlem8 fourierdlem80 fourierdlem85 fourierdlem86 fourierdlem89 fourierdlem9 fourierdlem90 fourierdlem91 fourierdlem94 fourierdlem96 fourierdlem97 fourierdlem98 fourierdlem99
3,ftc1lem6,,
3,h1datomi,,
3,hh0oi,,
3,hhhl,,
3,hoaddsubass,addsubass,grpaddsubass hvaddsubass
3,ibliccsinexp,sinexp,dvsinexp
3,iccvonmbllem,vonmbl,opnvonmbllem1
3,iscmet2,scmet,cmscmet dscmet iscmet
3,isvonmbl,vonmbl,opnvonmbllem1
3,itg2addlem,2add,dvds2add le2add lt2add xle2add xlt2add
3,itg2i1fseq,tg2i1fseq,
3,itgmulc2,mulc,climmulc2 coemulc dgrmulc dvdsmulc esummulc1 esummulc2 fsummulc1 fsummulc2 gsummulc1 gsummulc2 i1fmulc i1fmulclem isermulc2 isummulc1 isummulc2 itg1mulc itg2mulc itg2mulclem rrvmulc
3,jplem1,,
3,ledii,,
3,leop,,
3,mbfadd,fadd,dprdfadd efadd efaddlem i1fadd i1faddlem smfaddlem1
3,mbfimaopn,bfimaopn,
3,metelcls,lcls,blcls caublcls elcls elcls2 elcls3
3,minvecolem5,inveco,minvecolem1 minvecolem2 minvecolem3 minvecolem4 minvecolem6
3,omlsi,,
3,opnvonmbllem2,pnvonmbl,opnvonmbllem1
3,ovnsubadd2lem,add2,sadadd2lem sadadd2lem2
3,pjhcl,,
3,pjhmopi,,
3,pjneli,neli,oneli onssneli prneli
3,rrnheibor,nheibor,cnheibor cnheiborlem
3,shatomici,mici,brlmici
3,smfinflem,finf,difinf infinf nfinf pcmplfinf pnfinf topdifinf zfinf zfinf2
3,smflim,mflim,smflimlem1 smflimlem2 smflimlem3 smflimlem4 smflimlem5
3,smfliminflem,fliminf,xlimpnfliminf xlimpnfliminf2
3,smflimsuplem8,mflimsup,smflimsuplem1 smflimsuplem2 smflimsuplem4 smflimsuplem5 smflimsuplem6 smflimsuplem7
3,smfmulc1,fmulc,i1fmulc i1fmulclem
3,smfpimbor1lem2,bor1,heibor1lem
3,smfpimioompt,ompt,bj-mpomptALT cncfcompt cncfcompt2 f1ompt fcompt fompt liminfresicompt limsupresicompt mpompt o1compt
3,smfpreimagt,,
3,smfsup,mfsup,esumfsup smfsuplem1
3,spansnch,,
3,stcltrlem1,cltr,ttrcltr
3,stri,,
3,tgoldbachgtda,,
3,vitalilem5,itali,vitalilem1 vitalilem2 vitalilem3
3,volsup2,olsup,volsuplem
3,vonicc,onicc,
3,vonioo,onioo,
3,wallispilem5,allispi,wallispilem3
2,1stccn,,
2,2ndcsep,,
2,3factsumint,factsumint,3factsumint2 3factsumint4
2,3oalem5,,
2,atcvat2i,,
2,atdmd,,
2,atordi,ordi,alephordi alephordilem1 anxordi chpwordi chtwordi expmordi facwordi flwordi iunordi ndmovordi nnaordi nnawordi nnmordi nnmwordi oaordi oaordi3 oeordi oewordi omordi omwordi onordi onsucwordi orordi ppiwordi xordi
2,axccd2,,
2,axgroth4,xgroth,axgroth2 axgroth5 axgroth6
2,bdopssadj,sadj,eqfunresadj
2,chcon2i,con2i,chsscon2i ltnegcon2i necon2i negcon2i occon2i
2,chdmm1i,,
2,chjidm,jidm,hlatjidm latjidm posjidm
2,chnlei,nlei,hashsnlei hashunlei ltnlei
2,chrelat3i,,
2,chrelati,,
2,chsscon3,hsscon,chsscon2
2,chsupsn,,
2,cm2j,,
2,cmbr3,,
2,cmcm2i,,
2,cmm1i,,
2,cnlnadj,nlnadj,cnlnadjlem1 cnlnadjlem2
2,cnlnadji,adji,
2,cnlnadjlem3,nlnadj,cnlnadjlem1 cnlnadjlem2
2,cssbn,ssbn,bncssbn cmslssbn lssbn
2,cvexch,vexch,lcvexch lcvexchlem1 lcvexchlem2 lcvexchlem3 lcvexchlem4 lcvexchlem5
2,cvmdi,,
2,dmdbr2,mdbr,dmdbr
2,dmdbr4,mdbr,dmdbr
2,dmvolsal,,
2,dmvon,,
2,eleigveccl,eccl,aareccl cphreccl cphreccllem deccl dvheveccl findreccl frgpeccl pell1234qrreccl pell14qrreccl qreccl quseccl quseccl0 reccl rereccl reseccl rpreccl seccl speccl
2,elspansn4,lspansn,
2,etransclem48,transc,etransclem1 etransclem10 etransclem11 etransclem12 etransclem13 etransclem14 etransclem15 etransclem16 etransclem17 etransclem19 etransclem2 etransclem20 etransclem21 etransclem22 etransclem24 etransclem25 etransclem26 etransclem27 etransclem28 etransclem29 etransclem3 etransclem30 etransclem31 etransclem32 etransclem33 etransclem34 etransclem35 etransclem36 etransclem37 etransclem38 etransclem39 etransclem4 etransclem40 etransclem41 etransclem42 etransclem43 etransclem44 etransclem45 etransclem5 etransclem6 etransclem7 etransclem8 etransclem9
2,fdvposlt,,
2,fh1,,
2,fh2,,
2,fourierclimd,limd,alimd bj-cbvalimd bj-cbvalimd0 bj-cbvalimdlem bj-exlimd climd exlimd falimd n0limd replimd rexlimd rexlimd2 rexlimd3
2,fouriercnp,,
2,fourierdlem100,ourierd,fourierdlem1 fourierdlem10 fourierdlem102 fourierdlem106 fourierdlem11 fourierdlem12 fourierdlem13 fourierdlem14 fourierdlem15 fourierdlem17 fourierdlem18 fourierdlem19 fourierdlem2 fourierdlem20 fourierdlem23 fourierdlem24 fourierdlem25 fourierdlem26 fourierdlem27 fourierdlem28 fourierdlem29 fourierdlem3 fourierdlem31 fourierdlem32 fourierdlem33 fourierdlem34 fourierdlem35 fourierdlem36 fourierdlem37 fourierdlem38 fourierdlem4 fourierdlem40 fourierdlem41 fourierdlem42 fourierdlem43 fourierdlem44 fourierdlem46 fourierdlem48 fourierdlem49 fourierdlem5 fourierdlem50 fourierdlem51 fourierdlem52 fourierdlem53 fourierdlem54 fourierdlem55 fourierdlem56 fourierdlem57 fourierdlem58 fourierdlem59 fourierdlem6 fourierdlem60 fourierdlem61 fourierdlem62 fourierdlem63 fourierdlem64 fourierdlem65 fourierdlem66 fourierdlem67 fourierdlem68 fourierdlem7 fourierdlem70 fourierdlem71 fourierdlem72 fourierdlem74 fourierdlem75 fourierdlem76 fourierdlem77 fourierdlem78 fourierdlem79 fourierdlem8 fourierdlem80 fourierdlem85 fourierdlem86 fourierdlem89 fourierdlem9 fourierdlem90 fourierdlem91 fourierdlem94 fourierdlem96 fourierdlem97 fourierdlem98 fourierdlem99
2,fourierdlem109,ourierd,fourierdlem1 fourierdlem10 fourierdlem102 fourierdlem106 fourierdlem11 fourierdlem12 fourierdlem13 fourierdlem14 fourierdlem15 fourierdlem17 fourierdlem18 fourierdlem19 fourierdlem2 fourierdlem20 fourierdlem23 fourierdlem24 fourierdlem25 fourierdlem26 fourierdlem27 fourierdlem28 fourierdlem29 fourierdlem3 fourierdlem31 fourierdlem32 fourierdlem33 fourierdlem34 fourierdlem35 fourierdlem36 fourierdlem37 fourierdlem38 fourierdlem4 fourierdlem40 fourierdlem41 fourierdlem42 fourierdlem43 fourierdlem44 fourierdlem46 fourierdlem48 fourierdlem49 fourierdlem5 fourierdlem50 fourierdlem51 fourierdlem52 fourierdlem53 fourierdlem54 fourierdlem55 fourierdlem56 fourierdlem57 fourierdlem58 fourierdlem59 fourierdlem6 fourierdlem60 fourierdlem61 fourierdlem62 fourierdlem63 fourierdlem64 fourierdlem65 fourierdlem66 fourierdlem67 fourierdlem68 fourierdlem7 fourierdlem70 fourierdlem71 fourierdlem72 fourierdlem74 fourierdlem75 fourierdlem76 fourierdlem77 fourierdlem78 fourierdlem79 fourierdlem8 fourierdlem80 fourierdlem85 fourierdlem86 fourierdlem89 fourierdlem9 fourierdlem90 fourierdlem91 fourierdlem94 fourierdlem96 fourierdlem97 fourierdlem98 fourierdlem99
2,fourierdlem81,ourierd,fourierdlem1 fourierdlem10 fourierdlem102 fourierdlem106 fourierdlem11 fourierdlem12 fourierdlem13 fourierdlem14 fourierdlem15 fourierdlem17 fourierdlem18 fourierdlem19 fourierdlem2 fourierdlem20 fourierdlem23 fourierdlem24 fourierdlem25 fourierdlem26 fourierdlem27 fourierdlem28 fourierdlem29 fourierdlem3 fourierdlem31 fourierdlem32 fourierdlem33 fourierdlem34 fourierdlem35 fourierdlem36 fourierdlem37 fourierdlem38 fourierdlem4 fourierdlem40 fourierdlem41 fourierdlem42 fourierdlem43 fourierdlem44 fourierdlem46 fourierdlem48 fourierdlem49 fourierdlem5 fourierdlem50 fourierdlem51 fourierdlem52 fourierdlem53 fourierdlem54 fourierdlem55 fourierdlem56 fourierdlem57 fourierdlem58 fourierdlem59 fourierdlem6 fourierdlem60 fourierdlem61 fourierdlem62 fourierdlem63 fourierdlem64 fourierdlem65 fourierdlem66 fourierdlem67 fourierdlem68 fourierdlem7 fourierdlem70 fourierdlem71 fourierdlem72 fourierdlem74 fourierdlem75 fourierdlem76 fourierdlem77 fourierdlem78 fourierdlem79 fourierdlem8 fourierdlem80 fourierdlem85 fourierdlem86 fourierdlem89 fourierdlem9 fourierdlem90 fourierdlem91 fourierdlem94 fourierdlem96 fourierdlem97 fourierdlem98 fourierdlem99
2,fourierdlem93,ourierd,fourierdlem1 fourierdlem10 fourierdlem102 fourierdlem106 fourierdlem11 fourierdlem12 fourierdlem13 fourierdlem14 fourierdlem15 fourierdlem17 fourierdlem18 fourierdlem19 fourierdlem2 fourierdlem20 fourierdlem23 fourierdlem24 fourierdlem25 fourierdlem26 fourierdlem27 fourierdlem28 fourierdlem29 fourierdlem3 fourierdlem31 fourierdlem32 fourierdlem33 fourierdlem34 fourierdlem35 fourierdlem36 fourierdlem37 fourierdlem38 fourierdlem4 fourierdlem40 fourierdlem41 fourierdlem42 fourierdlem43 fourierdlem44 fourierdlem46 fourierdlem48 fourierdlem49 fourierdlem5 fourierdlem50 fourierdlem51 fourierdlem52 fourierdlem53 fourierdlem54 fourierdlem55 fourierdlem56 fourierdlem57 fourierdlem58 fourierdlem59 fourierdlem6 fourierdlem60 fourierdlem61 fourierdlem62 fourierdlem63 fourierdlem64 fourierdlem65 fourierdlem66 fourierdlem67 fourierdlem68 fourierdlem7 fourierdlem70 fourierdlem71 fourierdlem72 fourierdlem74 fourierdlem75 fourierdlem76 fourierdlem77 fourierdlem78 fourierdlem79 fourierdlem8 fourierdlem80 fourierdlem85 fourierdlem86 fourierdlem89 fourierdlem9 fourierdlem90 fourierdlem91 fourierdlem94 fourierdlem96 fourierdlem97 fourierdlem98 fourierdlem99
2,ftc1,,
2,ftc2ditglem,ditg,cbvditg
2,ftc2re,,
2,golem1,,
2,h1datom,atom,satom
2,hatomici,mici,brlmici
2,hatomistici,,
2,hausmapdom,apdom,mapdom1 mapdom2 mapdom3
2,heiborlem3,eibor,cnheibor cnheiborlem heiborlem1 heiborlem2 heiborlem4 heiborlem5 heiborlem6 heiborlem7 heiborlem8 heiborlem9
2,hhsscms,scms,cmscsscms iscms
2,hilhl,,
2,ho01i,,
2,hoaddsubassi,subassi,addsubassi hvsubassi
2,hoimbl,oimbl,
2,hopncani,ncani,pnncani
2,hstle,stle,hstle1 rrnprjdstle
2,hstoh,,
2,hstrlem3a,rlem3a,tfrlem3a
2,ibladd,ladd,lfladd modmuladd mpladd muladd muladd11 ressmpladd
2,iblioosinexp,sinexp,dvsinexp
2,iblmulc2,mulc,climmulc2 coemulc dgrmulc dvdsmulc esummulc1 esummulc2 fsummulc1 fsummulc2 gsummulc1 gsummulc2 i1fmulc i1fmulclem isermulc2 isummulc1 isummulc2 itg1mulc itg2mulc itg2mulclem rrvmulc
2,iccvonmbl,vonmbl,opnvonmbllem1
2,issmfge,,
2,issmfgtd,,
2,issmfled,fled,absdifled mnfled
2,itg2add,2add,dvds2add le2add lt2add xle2add xlt2add
2,itg2cnlem1,tg2cn,itg2cnlem2
2,itg2gt0,,
2,itg2i1fseq2,tg2i1fseq,
2,itgadd,tgadd,
2,itgsbtaddcnst,,
2,itgsin0pilem1,,
2,itgsinexp,sinexp,dvsinexp
2,iunctb2,nctb,unctb
2,jplem2,,
2,lcmineqlem3,cmineq,lcmineqlem1 lcmineqlem11 lcmineqlem14 lcmineqlem17 lcmineqlem18 lcmineqlem4 lcmineqlem5 lcmineqlem7 lcmineqlem8 lcmineqlem9
2,lejdii,,
2,leop2,,
2,leopmuli,muli,absmuli cjmuli divmuli immuli joinlmuladdmuli joinlmulsubmuli lnfnaddmuli lnfnmuli lnopaddmuli lnopmuli lnopsubmuli mvllmuli mvlrmuli remuli sqmuli sqrtmuli
2,lncnopbd,,
2,logdivsqrle,,
2,mbfimaopn2,bfimaopn,
2,mbfmullem2,bfmul,
2,mdslmd1lem1,dslmd1,
2,mdslmd1lem2,dslmd1,
2,mdsymi,symi,ensymi ltnsymi nesymi
2,mdsymlem7,dsym,nandsym1
2,metcld,etcld,metsscmetcld
2,minvecolem7,inveco,minvecolem1 minvecolem2 minvecolem3 minvecolem4 minvecolem6
2,nmlnop0,lnop,adjlnop adjsslnop ellnop idlnop
2,nmlnop0iHIL,,
2,nmop0h,,
2,nmopcoi,opcoi,lnopcoi
2,omssubadd,subadd,ablsubadd ablsubadd23 binom2subadd grpsubadd hvsubadd lesubadd lesubadd2 lmodvsubadd ltsubadd ltsubadd2 omssubaddlem ovnsubaddlem1 reltsubadd2 resubadd subsubadd23 xlesubadd
2,opnvonmbl,pnvonmbl,opnvonmbllem1
2,ovnsubadd2,vnsubadd,ovnsubaddlem1
2,ovoliun2,voliun,ovoliunlem1 ovoliunlem2
2,pj11i,,
2,pjaddii,ddii,adddii hoddii iddii
2,pjadj2,jadj,adjadj
2,pjadjii,,
2,pjcji,,
2,pjcli,jcli,chjcli cjcli shjcli
2,pjcompi,compi,addcompi mulcompi
2,pjdifnormii,,
2,pjhcli,hcli,shjshcli
2,pjhf,,
2,pjidmcoi,,
2,pjige0i,ge0i,absge0i addge0i cjmulge0i divge0i msqge0i mulge0i nn0ge0i sqge0i sqrtge0i subge0i
2,pjinormii,,
2,pjmulii,,
2,pjnel,,
2,pjnormi,normi,hilnormi
2,pjoc1i,oc1i,
2,pjoc2,,
2,pjoi0,,
2,pjoml2,joml,
2,pjoml3i,,
2,pjomli,omli,addcomli mulcomli nnaddcomli
2,pjop,,
2,pjopythi,pythi,normpythi
2,pjorthcoi,,
2,pjpj0i,,
2,pjpjhth,jhth,pjhthlem1
2,pjpo,,
2,pjpythi,pythi,normpythi
2,pjsdii,,
2,pjss1coi,,
2,pjssge0ii,e0ii,gt0ne0ii ne0ii
2,pjssmii,,
2,pjsubii,ubii,alseubii eubii ralseubii reubii suprleubii suprlubii suprnubii suprubii
2,reheibor,heibor,cnheibor cnheiborlem
2,sh1dle,,
2,smfaddlem2,mfadd,smfaddlem1
2,smfdmmblpimne,pimne,
2,smfinf,finf,difinf infinf nfinf pcmplfinf pnfinf topdifinf zfinf zfinf2
2,smfinfdmmbllem,dmmbl,adddmmbl adddmmbl2 muldmmbl muldmmbl2
2,smflim2,mflim,smflimlem1 smflimlem2 smflimlem3 smflimlem4 smflimlem5
2,smfliminf,fliminf,xlimpnfliminf xlimpnfliminf2
2,smflimsup,mflimsup,smflimsuplem1 smflimsuplem2 smflimsuplem4 smflimsuplem5 smflimsuplem6 smflimsuplem7
2,smfmbfcex,,
2,smfmullem4,mfmul,smfmullem1 smfmullem2 smfmullem3
2,smfpimbor1,,
2,smfpimcc,,
2,smfpimgtxrmptf,mptf,cbvmptf climmptf elrnmptf fcomptf fdivmptf feqresmptf fmptf fnmptf fvmptf limsupequzmptf rdgsucmptf refdivmptf resmptf sge0fsummptf sge0snmptf smffmptf supxrleubrnmptf
2,smfpimioo,,
2,smfpimltxrmptf,mptf,cbvmptf climmptf elrnmptf fcomptf fdivmptf feqresmptf fmptf fnmptf fvmptf limsupequzmptf rdgsucmptf refdivmptf resmptf sge0fsummptf sge0snmptf smffmptf supxrleubrnmptf
2,smfpimne2,pimne,
2,smfpreimagtf,,
2,smfsupdmmbllem,dmmbl,adddmmbl adddmmbl2 muldmmbl muldmmbl2
2,spansncvi,,
2,spansnid,snid,absnid abssnid bj-nsnid bj-restsnid cntzsnid difsnid lspsnid rspsnid setsnid snopeqopsnid vsnid
2,spansnji,,
2,spansnss,snss,bj-restsnss bj-restsnss2 difprsnss ifpprsnss lspsnss lspsnss2
2,stcltrlem2,cltr,ttrcltr
2,strb,,
2,strlem3a,rlem3a,tfrlem3a
2,tgoldbachgtd,,
2,vitali,itali,vitalilem1 vitalilem2 vitalilem3
2,voliunlem3,oliun,ovoliunlem1 ovoliunlem2 voliunlem1
2,voliunsge0lem,,
2,volivth,ivth,dvivth dvivthlem1 dvivthlem2
2,voncl,oncl,2oconcl concl oyoncl ply1moncl psrbagconcl yoncl
2,vonhoi,nhoi,ovnhoi ovnhoilem1 ovnhoilem2
2,vonmblss,blss,diblss iblss iblss2 mblss xblss2
2,vonn0icc,,
2,vonn0ioo,,
2,vonvolmbl,onvolmbl,vonvolmbllem
2,wallispi,allispi,wallispilem3
